selected_model,test_accuracy,test_roc_auc,test_avg_precision,test_f1,test_precision,test_recall
RandomForest,0.941747572815534,0.976068376068376,0.8734456333140543,0.7272727272727273,0.8888888888888888,0.6153846153846154
